<?xml version="1.0" encoding="UTF-8" standalone="no"?>
<?fileVersion 4.0.0?><cproject storage_type_id="org.eclipse.cdt.core.XmlProjectDescriptionStorage">
	<storageModule configRelations="2" moduleId="org.eclipse.cdt.core.settings">
		<cconfiguration id="com.ti.ccstudio.buildDefinitions.TMS470.Debug.1242768848">
			<storageModule buildSystemId="org.eclipse.cdt.managedbuilder.core.configurationDataProvider" id="com.ti.ccstudio.buildDefinitions.TMS470.Debug.1242768848" moduleId="org.eclipse.cdt.core.settings" name="Debug">
				<externalSettings/>
				<extensions>
					<extension id="com.ti.ccstudio.binaryparser.CoffParser" point="org.eclipse.cdt.core.BinaryParser"/>
					<extension id="org.eclipse.cdt.core.GmakeErrorParser" point="org.eclipse.cdt.core.ErrorParser"/>
					<extension id="com.ti.ccstudio.errorparser.CoffErrorParser" point="org.eclipse.cdt.core.ErrorParser"/>
					<extension id="com.ti.ccstudio.errorparser.AsmErrorParser" point="org.eclipse.cdt.core.ErrorParser"/>
					<extension id="com.ti.ccstudio.errorparser.LinkErrorParser" point="org.eclipse.cdt.core.ErrorParser"/>
				</extensions>
			</storageModule>
			<storageModule moduleId="cdtBuildSystem" version="4.0.0">
				<configuration artifactExtension="out" artifactName="${ProjName}" buildProperties="" cleanCommand="${CG_CLEAN_CMD}" description="" id="com.ti.ccstudio.buildDefinitions.TMS470.Debug.1242768848" name="Debug" parent="com.ti.ccstudio.buildDefinitions.TMS470.Debug">
					<folderInfo id="com.ti.ccstudio.buildDefinitions.TMS470.Debug.1242768848." name="/" resourcePath="">
						<toolChain id="com.ti.ccstudio.buildDefinitions.TMS470_18.12.exe.DebugToolchain.316921235" name="TI Build Tools" superClass="com.ti.ccstudio.buildDefinitions.TMS470_18.12.exe.DebugToolchain" targetTool="com.ti.ccstudio.buildDefinitions.TMS470_18.12.exe.linkerDebug.1751396505">
							<option IS_BUILTIN_EMPTY="false" IS_VALUE_EMPTY="false" id="com.ti.ccstudio.buildDefinitions.core.OPT_TAGS.245179230" superClass="com.ti.ccstudio.buildDefinitions.core.OPT_TAGS" valueType="stringList">
								<listOptionValue builtIn="false" value="DEVICE_CONFIGURATION_ID=Cortex M.TM4C123GH6PM"/>
								<listOptionValue builtIn="false" value="DEVICE_ENDIANNESS=little"/>
								<listOptionValue builtIn="false" value="OUTPUT_FORMAT=ELF"/>
								<listOptionValue builtIn="false" value="CCS_MBS_VERSION=6.1.3"/>
								<listOptionValue builtIn="false" value="LINKER_COMMAND_FILE=tm4c123gh6pm.cmd"/>
								<listOptionValue builtIn="false" value="RUNTIME_SUPPORT_LIBRARY=libc.a"/>
								<listOptionValue builtIn="false" value="OUTPUT_TYPE=executable"/>
							</option>
							<option id="com.ti.ccstudio.buildDefinitions.core.OPT_CODEGEN_VERSION.498697862" name="Compiler version" superClass="com.ti.ccstudio.buildDefinitions.core.OPT_CODEGEN_VERSION" value="18.12.2.LTS" valueType="string"/>
							<targetPlatform id="com.ti.ccstudio.buildDefinitions.TMS470_18.12.exe.targetPlatformDebug.256914666" name="Platform" superClass="com.ti.ccstudio.buildDefinitions.TMS470_18.12.exe.targetPlatformDebug"/>
							<builder buildPath="${BuildDirectory}" id="com.ti.ccstudio.buildDefinitions.TMS470_18.12.exe.builderDebug.407303416" keepEnvironmentInBuildfile="false" name="GNU Make" parallelBuildOn="true" parallelizationNumber="optimal" superClass="com.ti.ccstudio.buildDefinitions.TMS470_18.12.exe.builderDebug"/>
							<tool id="com.ti.ccstudio.buildDefinitions.TMS470_18.12.exe.compilerDebug.1534227061" name="ARM Compiler" superClass="com.ti.ccstudio.buildDefinitions.TMS470_18.12.exe.compilerDebug">
								<option id="com.ti.ccstudio.buildDefinitions.TMS470_18.12.compilerID.SILICON_VERSION.1953416223" name="Target processor version (--silicon_version, -mv)" superClass="com.ti.ccstudio.buildDefinitions.TMS470_18.12.compilerID.SILICON_VERSION" useByScannerDiscovery="false" value="com.ti.ccstudio.buildDefinitions.TMS470_18.12.compilerID.SILICON_VERSION.7M4" valueType="enumerated"/>
								<option id="com.ti.ccstudio.buildDefinitions.TMS470_18.12.compilerID.CODE_STATE.1967042694" name="Designate code state, 16-bit (thumb) or 32-bit (--code_state)" superClass="com.ti.ccstudio.buildDefinitions.TMS470_18.12.compilerID.CODE_STATE" useByScannerDiscovery="false" value="com.ti.ccstudio.buildDefinitions.TMS470_18.12.compilerID.CODE_STATE.16" valueType="enumerated"/>
								<option id="com.ti.ccstudio.buildDefinitions.TMS470_18.12.compilerID.ABI.569407924" name="Application binary interface. (--abi)" superClass="com.ti.ccstudio.buildDefinitions.TMS470_18.12.compilerID.ABI" useByScannerDiscovery="false" value="com.ti.ccstudio.buildDefinitions.TMS470_18.12.compilerID.ABI.eabi" valueType="enumerated"/>
								<option id="com.ti.ccstudio.buildDefinitions.TMS470_18.12.compilerID.FLOAT_SUPPORT.1332614260" name="Specify floating point support (--float_support)" superClass="com.ti.ccstudio.buildDefinitions.TMS470_18.12.compilerID.FLOAT_SUPPORT" useByScannerDiscovery="false" value="com.ti.ccstudio.buildDefinitions.TMS470_18.12.compilerID.FLOAT_SUPPORT.FPv4SPD16" valueType="enumerated"/>
								<option id="com.ti.ccstudio.buildDefinitions.TMS470_18.12.compilerID.GCC.2147389094" name="Enable support for GCC extensions (DEPRECATED) (--gcc)" superClass="com.ti.ccstudio.buildDefinitions.TMS470_18.12.compilerID.GCC" useByScannerDiscovery="false" value="true" valueType="boolean"/>
								<option IS_BUILTIN_EMPTY="false" IS_VALUE_EMPTY="false" id="com.ti.ccstudio.buildDefinitions.TMS470_18.12.compilerID.DEFINE.2013780825" name="Pre-define NAME (--define, -D)" superClass="com.ti.ccstudio.buildDefinitions.TMS470_18.12.compilerID.DEFINE" valueType="definedSymbols">
									<listOptionValue builtIn="false" value="ccs=&quot;ccs&quot;"/>
									<listOptionValue builtIn="false" value="PART_TM4C123GH6PM"/>
								</option>
								<option id="com.ti.ccstudio.buildDefinitions.TMS470_18.12.compilerID.DEBUGGING_MODEL.60182388" name="Debugging model" superClass="com.ti.ccstudio.buildDefinitions.TMS470_18.12.compilerID.DEBUGGING_MODEL" useByScannerDiscovery="false" value="com.ti.ccstudio.buildDefinitions.TMS470_18.12.compilerID.DEBUGGING_MODEL.SYMDEBUG__DWARF" valueType="enumerated"/>
								<option IS_BUILTIN_EMPTY="false" IS_VALUE_EMPTY="false" id="com.ti.ccstudio.buildDefinitions.TMS470_18.12.compilerID.DIAG_WARNING.1638904405" name="Treat diagnostic &lt;id&gt; as warning (--diag_warning, -pdsw)" superClass="com.ti.ccstudio.buildDefinitions.TMS470_18.12.compilerID.DIAG_WARNING" useByScannerDiscovery="false" valueType="stringList">
									<listOptionValue builtIn="false" value="225"/>
								</option>
								<option id="com.ti.ccstudio.buildDefinitions.TMS470_18.12.compilerID.DISPLAY_ERROR_NUMBER.281233091" name="Emit diagnostic identifier numbers (--display_error_number, -pden)" superClass="com.ti.ccstudio.buildDefinitions.TMS470_18.12.compilerID.DISPLAY_ERROR_NUMBER" useByScannerDiscovery="false" value="true" valueType="boolean"/>
								<option id="com.ti.ccstudio.buildDefinitions.TMS470_18.12.compilerID.DIAG_WRAP.2001089621" name="Wrap diagnostic messages (--diag_wrap)" superClass="com.ti.ccstudio.buildDefinitions.TMS470_18.12.compilerID.DIAG_WRAP" useByScannerDiscovery="false" value="com.ti.ccstudio.buildDefinitions.TMS470_18.12.compilerID.DIAG_WRAP.off" valueType="enumerated"/>
								<option IS_BUILTIN_EMPTY="false" IS_VALUE_EMPTY="false" id="com.ti.ccstudio.buildDefinitions.TMS470_18.12.compilerID.INCLUDE_PATH.1496097586" name="Add dir to #include search path (--include_path, -I)" superClass="com.ti.ccstudio.buildDefinitions.TMS470_18.12.compilerID.INCLUDE_PATH" valueType="includePath">
									<listOptionValue builtIn="false" value="${PROJECT_ROOT}"/>
									<listOptionValue builtIn="false" value="C:\ti\TivaWare_C_Series-2.1.4.178"/>
									<listOptionValue builtIn="false" value="${CG_TOOL_ROOT}/include"/>
								</option>
								<option id="com.ti.ccstudio.buildDefinitions.TMS470_18.12.compilerID.LITTLE_ENDIAN.1959054738" name="Little endian code [See 'General' page to edit] (--little_endian, -me)" superClass="com.ti.ccstudio.buildDefinitions.TMS470_18.12.compilerID.LITTLE_ENDIAN" useByScannerDiscovery="false" value="true" valueType="boolean"/>
								<inputType id="com.ti.ccstudio.buildDefinitions.TMS470_18.12.compiler.inputType__C_SRCS.760809894" name="C Sources" superClass="com.ti.ccstudio.buildDefinitions.TMS470_18.12.compiler.inputType__C_SRCS"/>
								<inputType id="com.ti.ccstudio.buildDefinitions.TMS470_18.12.compiler.inputType__CPP_SRCS.1872315845" name="C++ Sources" superClass="com.ti.ccstudio.buildDefinitions.TMS470_18.12.compiler.inputType__CPP_SRCS"/>
								<inputType id="com.ti.ccstudio.buildDefinitions.TMS470_18.12.compiler.inputType__ASM_SRCS.939232328" name="Assembly Sources" superClass="com.ti.ccstudio.buildDefinitions.TMS470_18.12.compiler.inputType__ASM_SRCS"/>
								<inputType id="com.ti.ccstudio.buildDefinitions.TMS470_18.12.compiler.inputType__ASM2_SRCS.1123713020" name="Assembly Sources" superClass="com.ti.ccstudio.buildDefinitions.TMS470_18.12.compiler.inputType__ASM2_SRCS"/>
							</tool>
							<tool id="com.ti.ccstudio.buildDefinitions.TMS470_18.12.exe.linkerDebug.1751396505" name="ARM Linker" superClass="com.ti.ccstudio.buildDefinitions.TMS470_18.12.exe.linkerDebug">
								<option id="com.ti.ccstudio.buildDefinitions.TMS470_18.12.linkerID.MAP_FILE.1688986649" name="Link information (map) listed into &lt;file&gt; (--map_file, -m)" superClass="com.ti.ccstudio.buildDefinitions.TMS470_18.12.linkerID.MAP_FILE" useByScannerDiscovery="false" value="${ProjName}.map" valueType="string"/>
								<option id="com.ti.ccstudio.buildDefinitions.TMS470_18.12.linkerID.STACK_SIZE.1501836316" name="Set C system stack size (--stack_size, -stack)" superClass="com.ti.ccstudio.buildDefinitions.TMS470_18.12.linkerID.STACK_SIZE" useByScannerDiscovery="false" value="4096" valueType="string"/>
								<option id="com.ti.ccstudio.buildDefinitions.TMS470_18.12.linkerID.HEAP_SIZE.1614092887" name="Heap size for C/C++ dynamic memory allocation (--heap_size, -heap)" superClass="com.ti.ccstudio.buildDefinitions.TMS470_18.12.linkerID.HEAP_SIZE" useByScannerDiscovery="false" value="4096" valueType="string"/>
								<option id="com.ti.ccstudio.buildDefinitions.TMS470_18.12.linkerID.OUTPUT_FILE.1341246575" name="Specify output file name (--output_file, -o)" superClass="com.ti.ccstudio.buildDefinitions.TMS470_18.12.linkerID.OUTPUT_FILE" useByScannerDiscovery="false" value="${ProjName}.out" valueType="string"/>
								<option id="com.ti.ccstudio.buildDefinitions.TMS470_18.12.linkerID.XML_LINK_INFO.565658827" name="Detailed link information data-base into &lt;file&gt; (--xml_link_info, -xml_link_info)" superClass="com.ti.ccstudio.buildDefinitions.TMS470_18.12.linkerID.XML_LINK_INFO" useByScannerDiscovery="false" value="${ProjName}_linkInfo.xml" valueType="string"/>
								<option id="com.ti.ccstudio.buildDefinitions.TMS470_18.12.linkerID.DISPLAY_ERROR_NUMBER.1137407147" name="Emit diagnostic identifier numbers (--display_error_number)" superClass="com.ti.ccstudio.buildDefinitions.TMS470_18.12.linkerID.DISPLAY_ERROR_NUMBER" useByScannerDiscovery="false" value="true" valueType="boolean"/>
								<option id="com.ti.ccstudio.buildDefinitions.TMS470_18.12.linkerID.DIAG_WRAP.1521574217" name="Wrap diagnostic messages (--diag_wrap)" superClass="com.ti.ccstudio.buildDefinitions.TMS470_18.12.linkerID.DIAG_WRAP" useByScannerDiscovery="false" value="com.ti.ccstudio.buildDefinitions.TMS470_18.12.linkerID.DIAG_WRAP.off" valueType="enumerated"/>
								<option IS_BUILTIN_EMPTY="false" IS_VALUE_EMPTY="false" id="com.ti.ccstudio.buildDefinitions.TMS470_18.12.linkerID.SEARCH_PATH.431597874" name="Add &lt;dir&gt; to library search path (--search_path, -i)" superClass="com.ti.ccstudio.buildDefinitions.TMS470_18.12.linkerID.SEARCH_PATH" valueType="libPaths">
									<listOptionValue builtIn="false" value="${CG_TOOL_ROOT}/lib"/>
									<listOptionValue builtIn="false" value="${CG_TOOL_ROOT}/include"/>
								</option>
								<option IS_BUILTIN_EMPTY="false" IS_VALUE_EMPTY="false" id="com.ti.ccstudio.buildDefinitions.TMS470_18.12.linkerID.LIBRARY.1624849530" name="Include library file or command file as input (--library, -l)" superClass="com.ti.ccstudio.buildDefinitions.TMS470_18.12.linkerID.LIBRARY" useByScannerDiscovery="false" valueType="libs">
									<listOptionValue builtIn="false" value="libc.a"/>
									<listOptionValue builtIn="false" value="C:\ti\TivaWare_C_Series-2.1.4.178\driverlib\ccs\Debug\driverlib.lib"/>
								</option>
								<inputType id="com.ti.ccstudio.buildDefinitions.TMS470_18.12.exeLinker.inputType__CMD_SRCS.2090665252" name="Linker Command Files" superClass="com.ti.ccstudio.buildDefinitions.TMS470_18.12.exeLinker.inputType__CMD_SRCS"/>
								<inputType id="com.ti.ccstudio.buildDefinitions.TMS470_18.12.exeLinker.inputType__CMD2_SRCS.1338802877" name="Linker Command Files" superClass="com.ti.ccstudio.buildDefinitions.TMS470_18.12.exeLinker.inputType__CMD2_SRCS"/>
								<inputType id="com.ti.ccstudio.buildDefinitions.TMS470_18.12.exeLinker.inputType__GEN_CMDS.599903151" name="Generated Linker Command Files" superClass="com.ti.ccstudio.buildDefinitions.TMS470_18.12.exeLinker.inputType__GEN_CMDS"/>
							</tool>
							<tool id="com.ti.ccstudio.buildDefinitions.TMS470_18.12.hex.1189656211" name="ARM Hex Utility" superClass="com.ti.ccstudio.buildDefinitions.TMS470_18.12.hex"/>
						</toolChain>
					</folderInfo>
				</configuration>
			</storageModule>
			<storageModule moduleId="org.eclipse.cdt.core.externalSettings"/>
		</cconfiguration>
		<cconfiguration id="com.ti.ccstudio.buildDefinitions.TMS470.Release.2075938541">
			<storageModule buildSystemId="org.eclipse.cdt.managedbuilder.core.configurationDataProvider" id="com.ti.ccstudio.buildDefinitions.TMS470.Release.2075938541" moduleId="org.eclipse.cdt.core.settings" name="Release">
				<externalSettings/>
				<extensions>
					<extension id="com.ti.ccstudio.binaryparser.CoffParser" point="org.eclipse.cdt.core.BinaryParser"/>
					<extension id="org.eclipse.cdt.core.GmakeErrorParser" point="org.eclipse.cdt.core.ErrorParser"/>
					<extension id="com.ti.ccstudio.errorparser.CoffErrorParser" point="org.eclipse.cdt.core.ErrorParser"/>
					<extension id="com.ti.ccstudio.errorparser.AsmErrorParser" point="org.eclipse.cdt.core.ErrorParser"/>
					<extension id="com.ti.ccstudio.errorparser.LinkErrorParser" point="org.eclipse.cdt.core.ErrorParser"/>
				</extensions>
			</storageModule>
			<storageModule moduleId="cdtBuildSystem" version="4.0.0">
				<configuration artifactExtension="out" artifactName="${ProjName}" buildProperties="" cleanCommand="${CG_CLEAN_CMD}" description="" id="com.ti.ccstudio.buildDefinitions.TMS470.Release.2075938541" name="Release" parent="com.ti.ccstudio.buildDefinitions.TMS470.Release">
					<folderInfo id="com.ti.ccstudio.buildDefinitions.TMS470.Release.2075938541." name="/" resourcePath="">
						<toolChain id="com.ti.ccstudio.buildDefinitions.TMS470_18.12.exe.ReleaseToolchain.1390965453" name="TI Build Tools" superClass="com.ti.ccstudio.buildDefinitions.TMS470_18.12.exe.ReleaseToolchain" targetTool="com.ti.ccstudio.buildDefinitions.TMS470_18.12.exe.linkerRelease.104974990">
							<option IS_BUILTIN_EMPTY="false" IS_VALUE_EMPTY="false" id="com.ti.ccstudio.buildDefinitions.core.OPT_TAGS.1999927107" superClass="com.ti.ccstudio.buildDefinitions.core.OPT_TAGS" valueType="stringList">
								<listOptionValue builtIn="false" value="DEVICE_CONFIGURATION_ID=Cortex M.TM4C123GH6PM"/>
								<listOptionValue builtIn="false" value="DEVICE_ENDIANNESS=little"/>
								<listOptionValue builtIn="false" value="OUTPUT_FORMAT=ELF"/>
								<listOptionValue builtIn="false" value="CCS_MBS_VERSION=6.1.3"/>
								<listOptionValue builtIn="false" value="LINKER_COMMAND_FILE=tm4c123gh6pm.cmd"/>
								<listOptionValue builtIn="false" value="RUNTIME_SUPPORT_LIBRARY=libc.a"/>
								<listOptionValue builtIn="false" value="OUTPUT_TYPE=executable"/>
							</option>
							<option id="com.ti.ccstudio.buildDefinitions.core.OPT_CODEGEN_VERSION.948599593" name="Compiler version" superClass="com.ti.ccstudio.buildDefinitions.core.OPT_CODEGEN_VERSION" value="18.12.2.LTS" valueType="string"/>
							<targetPlatform id="com.ti.ccstudio.buildDefinitions.TMS470_18.12.exe.targetPlatformRelease.1299778264" name="Platform" superClass="com.ti.ccstudio.buildDefinitions.TMS470_18.12.exe.targetPlatformRelease"/>
							<builder buildPath="${BuildDirectory}" id="com.ti.ccstudio.buildDefinitions.TMS470_18.12.exe.builderRelease.1970013005" keepEnvironmentInBuildfile="false" name="GNU Make" parallelBuildOn="true" parallelizationNumber="optimal" superClass="com.ti.ccstudio.buildDefinitions.TMS470_18.12.exe.builderRelease"/>
							<tool id="com.ti.ccstudio.buildDefinitions.TMS470_18.12.exe.compilerRelease.8090931" name="ARM Compiler" superClass="com.ti.ccstudio.buildDefinitions.TMS470_18.12.exe.compilerRelease">
								<option id="com.ti.ccstudio.buildDefinitions.TMS470_18.12.compilerID.SILICON_VERSION.1750875853" name="Target processor version (--silicon_version, -mv)" superClass="com.ti.ccstudio.buildDefinitions.TMS470_18.12.compilerID.SILICON_VERSION" useByScannerDiscovery="false" value="com.ti.ccstudio.buildDefinitions.TMS470_18.12.compilerID.SILICON_VERSION.7M4" valueType="enumerated"/>
								<option id="com.ti.ccstudio.buildDefinitions.TMS470_18.12.compilerID.CODE_STATE.217780977" name="Designate code state, 16-bit (thumb) or 32-bit (--code_state)" superClass="com.ti.ccstudio.buildDefinitions.TMS470_18.12.compilerID.CODE_STATE" useByScannerDiscovery="false" value="com.ti.ccstudio.buildDefinitions.TMS470_18.12.compilerID.CODE_STATE.16" valueType="enumerated"/>
								<option id="com.ti.ccstudio.buildDefinitions.TMS470_18.12.compilerID.ABI.1721683659" name="Application binary interface. (--abi)" superClass="com.ti.ccstudio.buildDefinitions.TMS470_18.12.compilerID.ABI" useByScannerDiscovery="false" value="com.ti.ccstudio.buildDefinitions.TMS470_18.12.compilerID.ABI.eabi" valueType="enumerated"/>
								<option id="com.ti.ccstudio.buildDefinitions.TMS470_18.12.compilerID.FLOAT_SUPPORT.1530104770" name="Specify floating point support (--float_support)" superClass="com.ti.ccstudio.buildDefinitions.TMS470_18.12.compilerID.FLOAT_SUPPORT" useByScannerDiscovery="false" value="com.ti.ccstudio.buildDefinitions.TMS470_18.12.compilerID.FLOAT_SUPPORT.FPv4SPD16" valueType="enumerated"/>
								<option id="com.ti.ccstudio.buildDefinitions.TMS470_18.12.compilerID.GCC.1138127364" name="Enable support for GCC extensions (DEPRECATED) (--gcc)" superClass="com.ti.ccstudio.buildDefinitions.TMS470_18.12.compilerID.GCC" useByScannerDiscovery="false" value="true" valueType="boolean"/>
								<option IS_BUILTIN_EMPTY="false" IS_VALUE_EMPTY="false" id="com.ti.ccstudio.buildDefinitions.TMS470_18.12.compilerID.DEFINE.411319128" name="Pre-define NAME (--define, -D)" superClass="com.ti.ccstudio.buildDefinitions.TMS470_18.12.compilerID.DEFINE" valueType="definedSymbols">
									<listOptionValue builtIn="false" value="ccs=&quot;ccs&quot;"/>
									<listOptionValue builtIn="false" value="PART_TM4C123GH6PM"/>
								</option>
								<option IS_BUILTIN_EMPTY="false" IS_VALUE_EMPTY="false" id="com.ti.ccstudio.buildDefinitions.TMS470_18.12.compilerID.DIAG_WARNING.414493637" name="Treat diagnostic &lt;id&gt; as warning (--diag_warning, -pdsw)" superClass="com.ti.ccstudio.buildDefinitions.TMS470_18.12.compilerID.DIAG_WARNING" useByScannerDiscovery="false" valueType="stringList">
									<listOptionValue builtIn="false" value="225"/>
								</option>
								<option id="com.ti.ccstudio.buildDefinitions.TMS470_18.12.compilerID.DISPLAY_ERROR_NUMBER.503640049" name="Emit diagnostic identifier numbers (--display_error_number, -pden)" superClass="com.ti.ccstudio.buildDefinitions.TMS470_18.12.compilerID.DISPLAY_ERROR_NUMBER" useByScannerDiscovery="false" value="true" valueType="boolean"/>
								<option id="com.ti.ccstudio.buildDefinitions.TMS470_18.12.compilerID.DIAG_WRAP.951819115" name="Wrap diagnostic messages (--diag_wrap)" superClass="com.ti.ccstudio.buildDefinitions.TMS470_18.12.compilerID.DIAG_WRAP" useByScannerDiscovery="false" value="com.ti.ccstudio.buildDefinitions.TMS470_18.12.compilerID.DIAG_WRAP.off" valueType="enumerated"/>
								<option IS_BUILTIN_EMPTY="false" IS_VALUE_EMPTY="false" id="com.ti.ccstudio.buildDefinitions.TMS470_18.12.compilerID.INCLUDE_PATH.538559295" name="Add dir to #include search path (--include_path, -I)" superClass="com.ti.ccstudio.buildDefinitions.TMS470_18.12.compilerID.INCLUDE_PATH" valueType="includePath">
									<listOptionValue builtIn="false" value="${PROJECT_ROOT}"/>
									<listOptionValue builtIn="false" value="${CG_TOOL_ROOT}/include"/>
								</option>
								<option id="com.ti.ccstudio.buildDefinitions.TMS470_18.12.compilerID.LITTLE_ENDIAN.176620551" name="Little endian code [See 'General' page to edit] (--little_endian, -me)" superClass="com.ti.ccstudio.buildDefinitions.TMS470_18.12.compilerID.LITTLE_ENDIAN" useByScannerDiscovery="false" value="true" valueType="boolean"/>
								<inputType id="com.ti.ccstudio.buildDefinitions.TMS470_18.12.compiler.inputType__C_SRCS.701397894" name="C Sources" superClass="com.ti.ccstudio.buildDefinitions.TMS470_18.12.compiler.inputType__C_SRCS"/>
								<inputType id="com.ti.ccstudio.buildDefinitions.TMS470_18.12.compiler.inputType__CPP_SRCS.1767352014" name="C++ Sources" superClass="com.ti.ccstudio.buildDefinitions.TMS470_18.12.compiler.inputType__CPP_SRCS"/>
								<inputType id="com.ti.ccstudio.buildDefinitions.TMS470_18.12.compiler.inputType__ASM_SRCS.1476018926" name="Assembly Sources" superClass="com.ti.ccstudio.buildDefinitions.TMS470_18.12.compiler.inputType__ASM_SRCS"/>
								<inputType id="com.ti.ccstudio.buildDefinitions.TMS470_18.12.compiler.inputType__ASM2_SRCS.1285372186" name="Assembly Sources" superClass="com.ti.ccstudio.buildDefinitions.TMS470_18.12.compiler.inputType__ASM2_SRCS"/>
							</tool>
							<tool id="com.ti.ccstudio.buildDefinitions.TMS470_18.12.exe.linkerRelease.104974990" name="ARM Linker" superClass="com.ti.ccstudio.buildDefinitions.TMS470_18.12.exe.linkerRelease">
								<option id="com.ti.ccstudio.buildDefinitions.TMS470_18.12.linkerID.MAP_FILE.1099778102" name="Link information (map) listed into &lt;file&gt; (--map_file, -m)" superClass="com.ti.ccstudio.buildDefinitions.TMS470_18.12.linkerID.MAP_FILE" useByScannerDiscovery="false" value="${ProjName}.map" valueType="string"/>
								<option id="com.ti.ccstudio.buildDefinitions.TMS470_18.12.linkerID.STACK_SIZE.1953548413" name="Set C system stack size (--stack_size, -stack)" superClass="com.ti.ccstudio.buildDefinitions.TMS470_18.12.linkerID.STACK_SIZE" useByScannerDiscovery="false" value="512" valueType="string"/>
								<option id="com.ti.ccstudio.buildDefinitions.TMS470_18.12.linkerID.HEAP_SIZE.1114854955" name="Heap size for C/C++ dynamic memory allocation (--heap_size, -heap)" superClass="com.ti.ccstudio.buildDefinitions.TMS470_18.12.linkerID.HEAP_SIZE" useByScannerDiscovery="false" value="0" valueType="string"/>
								<option id="com.ti.ccstudio.buildDefinitions.TMS470_18.12.linkerID.OUTPUT_FILE.7407767" name="Specify output file name (--output_file, -o)" superClass="com.ti.ccstudio.buildDefinitions.TMS470_18.12.linkerID.OUTPUT_FILE" useByScannerDiscovery="false" value="${ProjName}.out" valueType="string"/>
								<option id="com.ti.ccstudio.buildDefinitions.TMS470_18.12.linkerID.XML_LINK_INFO.251637115" name="Detailed link information data-base into &lt;file&gt; (--xml_link_info, -xml_link_info)" superClass="com.ti.ccstudio.buildDefinitions.TMS470_18.12.linkerID.XML_LINK_INFO" useByScannerDiscovery="false" value="${ProjName}_linkInfo.xml" valueType="string"/>
								<option id="com.ti.ccstudio.buildDefinitions.TMS470_18.12.linkerID.DISPLAY_ERROR_NUMBER.590787084" name="Emit diagnostic identifier numbers (--display_error_number)" superClass="com.ti.ccstudio.buildDefinitions.TMS470_18.12.linkerID.DISPLAY_ERROR_NUMBER" useByScannerDiscovery="false" value="true" valueType="boolean"/>
								<option id="com.ti.ccstudio.buildDefinitions.TMS470_18.12.linkerID.DIAG_WRAP.860829810" name="Wrap diagnostic messages (--diag_wrap)" superClass="com.ti.ccstudio.buildDefinitions.TMS470_18.12.linkerID.DIAG_WRAP" useByScannerDiscovery="false" value="com.ti.ccstudio.buildDefinitions.TMS470_18.12.linkerID.DIAG_WRAP.off" valueType="enumerated"/>
								<option IS_BUILTIN_EMPTY="false" IS_VALUE_EMPTY="false" id="com.ti.ccstudio.buildDefinitions.TMS470_18.12.linkerID.SEARCH_PATH.1791733491" name="Add &lt;dir&gt; to library search path (--search_path, -i)" superClass="com.ti.ccstudio.buildDefinitions.TMS470_18.12.linkerID.SEARCH_PATH" valueType="libPaths">
									<listOptionValue builtIn="false" value="${CG_TOOL_ROOT}/lib"/>
									<listOptionValue builtIn="false" value="${CG_TOOL_ROOT}/include"/>
								</option>
								<option IS_BUILTIN_EMPTY="false" IS_VALUE_EMPTY="false" id="com.ti.ccstudio.buildDefinitions.TMS470_18.12.linkerID.LIBRARY.1145656143" name="Include library file or command file as input (--library, -l)" superClass="com.ti.ccstudio.buildDefinitions.TMS470_18.12.linkerID.LIBRARY" useByScannerDiscovery="false" valueType="libs">
									<listOptionValue builtIn="false" value="libc.a"/>
								</option>
								<inputType id="com.ti.ccstudio.buildDefinitions.TMS470_18.12.exeLinker.inputType__CMD_SRCS.1780186210" name="Linker Command Files" superClass="com.ti.ccstudio.buildDefinitions.TMS470_18.12.exeLinker.inputType__CMD_SRCS"/>
								<inputType id="com.ti.ccstudio.buildDefinitions.TMS470_18.12.exeLinker.inputType__CMD2_SRCS.444822862" name="Linker Command Files" superClass="com.ti.ccstudio.buildDefinitions.TMS470_18.12.exeLinker.inputType__CMD2_SRCS"/>
								<inputType id="com.ti.ccstudio.buildDefinitions.TMS470_18.12.exeLinker.inputType__GEN_CMDS.639125255" name="Generated Linker Command Files" superClass="com.ti.ccstudio.buildDefinitions.TMS470_18.12.exeLinker.inputType__GEN_CMDS"/>
							</tool>
							<tool id="com.ti.ccstudio.buildDefinitions.TMS470_18.12.hex.621062186" name="ARM Hex Utility" superClass="com.ti.ccstudio.buildDefinitions.TMS470_18.12.hex"/>
						</toolChain>
					</folderInfo>
				</configuration>
			</storageModule>
			<storageModule moduleId="org.eclipse.cdt.core.externalSettings"/>
		</cconfiguration>
	</storageModule>
	<storageModule moduleId="org.eclipse.cdt.core.LanguageSettingsProviders"/>
	<storageModule moduleId="cdtBuildSystem" version="4.0.0">
		<project id="Lab5.com.ti.ccstudio.buildDefinitions.TMS470.ProjectType.256477881" name="TMS470" projectType="com.ti.ccstudio.buildDefinitions.TMS470.ProjectType"/>
	</storageModule>
	<storageModule moduleId="scannerConfiguration"/>
	<storageModule moduleId="org.eclipse.cdt.make.core.buildtargets"/>
</cproject>
